label,ix,iy,bigfinger_width,bridge_dose,smallfinger_dose,smallfinger_width
0A0,0,0,0.3,400,800,0.1
0B0,0,1,0.3,442,800,0.1
0C0,0,2,0.3,484,800,0.1
0D0,0,3,0.3,526,800,0.1
0E0,0,4,0.3,568,800,0.1
0F0,0,5,0.3,611,800,0.1
0G0,0,6,0.3,653,800,0.1
0H0,0,7,0.3,695,800,0.1
0I0,0,8,0.3,737,800,0.1
0J0,0,9,0.3,779,800,0.1
0K0,0,10,0.3,821,800,0.1
0L0,0,11,0.3,863,800,0.1
0M0,0,12,0.3,905,800,0.1
0N0,0,13,0.3,947,800,0.1
0O0,0,14,0.3,989,800,0.1
0P0,0,15,0.3,1032,800,0.1
0Q0,0,16,0.3,1074,800,0.1
0R0,0,17,0.3,1116,800,0.1
0S0,0,18,0.3,1158,800,0.1
0T0,0,19,0.3,1200,800,0.1
4A0,0,20,0.3,400,1200,0.1
4B0,0,21,0.3,442,1200,0.1
4C0,0,22,0.3,484,1200,0.1
4D0,0,23,0.3,526,1200,0.1
4E0,0,24,0.3,568,1200,0.1
4F0,0,25,0.3,611,1200,0.1
4G0,0,26,0.3,653,1200,0.1
4H0,0,27,0.3,695,1200,0.1
4I0,0,28,0.3,737,1200,0.1
4J0,0,29,0.3,779,1200,0.1
4K0,0,30,0.3,821,1200,0.1
4L0,0,31,0.3,863,1200,0.1
4M0,0,32,0.3,905,1200,0.1
4N0,0,33,0.3,947,1200,0.1
4O0,0,34,0.3,989,1200,0.1
4P0,0,35,0.3,1032,1200,0.1
4Q0,0,36,0.3,1074,1200,0.1
4R0,0,37,0.3,1116,1200,0.1
4S0,0,38,0.3,1158,1200,0.1
4T0,0,39,0.3,1200,1200,0.1
0A1,1,0,0.3089,400,800,0.1089
0B1,1,1,0.3089,442,800,0.1089
0C1,1,2,0.3089,484,800,0.1089
0D1,1,3,0.3089,526,800,0.1089
0E1,1,4,0.3089,568,800,0.1089
0F1,1,5,0.3089,611,800,0.1089
0G1,1,6,0.3089,653,800,0.1089
0H1,1,7,0.3089,695,800,0.1089
0I1,1,8,0.3089,737,800,0.1089
0J1,1,9,0.3089,779,800,0.1089
0K1,1,10,0.3089,821,800,0.1089
0L1,1,11,0.3089,863,800,0.1089
0M1,1,12,0.3089,905,800,0.1089
0N1,1,13,0.3089,947,800,0.1089
0O1,1,14,0.3089,989,800,0.1089
0P1,1,15,0.3089,1032,800,0.1089
0Q1,1,16,0.3089,1074,800,0.1089
0R1,1,17,0.3089,1116,800,0.1089
0S1,1,18,0.3089,1158,800,0.1089
0T1,1,19,0.3089,1200,800,0.1089
4A1,1,20,0.3089,400,1200,0.1089
4B1,1,21,0.3089,442,1200,0.1089
4C1,1,22,0.3089,484,1200,0.1089
4D1,1,23,0.3089,526,1200,0.1089
4E1,1,24,0.3089,568,1200,0.1089
4F1,1,25,0.3089,611,1200,0.1089
4G1,1,26,0.3089,653,1200,0.1089
4H1,1,27,0.3089,695,1200,0.1089
4I1,1,28,0.3089,737,1200,0.1089
4J1,1,29,0.3089,779,1200,0.1089
4K1,1,30,0.3089,821,1200,0.1089
4L1,1,31,0.3089,863,1200,0.1089
4M1,1,32,0.3089,905,1200,0.1089
4N1,1,33,0.3089,947,1200,0.1089
4O1,1,34,0.3089,989,1200,0.1089
4P1,1,35,0.3089,1032,1200,0.1089
4Q1,1,36,0.3089,1074,1200,0.1089
4R1,1,37,0.3089,1116,1200,0.1089
4S1,1,38,0.3089,1158,1200,0.1089
4T1,1,39,0.3089,1200,1200,0.1089
0A2,2,0,0.3178,400,800,0.1178
0B2,2,1,0.3178,442,800,0.1178
0C2,2,2,0.3178,484,800,0.1178
0D2,2,3,0.3178,526,800,0.1178
0E2,2,4,0.3178,568,800,0.1178
0F2,2,5,0.3178,611,800,0.1178
0G2,2,6,0.3178,653,800,0.1178
0H2,2,7,0.3178,695,800,0.1178
0I2,2,8,0.3178,737,800,0.1178
0J2,2,9,0.3178,779,800,0.1178
0K2,2,10,0.3178,821,800,0.1178
0L2,2,11,0.3178,863,800,0.1178
0M2,2,12,0.3178,905,800,0.1178
0N2,2,13,0.3178,947,800,0.1178
0O2,2,14,0.3178,989,800,0.1178
0P2,2,15,0.3178,1032,800,0.1178
0Q2,2,16,0.3178,1074,800,0.1178
0R2,2,17,0.3178,1116,800,0.1178
0S2,2,18,0.3178,1158,800,0.1178
0T2,2,19,0.3178,1200,800,0.1178
4A2,2,20,0.3178,400,1200,0.1178
4B2,2,21,0.3178,442,1200,0.1178
4C2,2,22,0.3178,484,1200,0.1178
4D2,2,23,0.3178,526,1200,0.1178
4E2,2,24,0.3178,568,1200,0.1178
4F2,2,25,0.3178,611,1200,0.1178
4G2,2,26,0.3178,653,1200,0.1178
4H2,2,27,0.3178,695,1200,0.1178
4I2,2,28,0.3178,737,1200,0.1178
4J2,2,29,0.3178,779,1200,0.1178
4K2,2,30,0.3178,821,1200,0.1178
4L2,2,31,0.3178,863,1200,0.1178
4M2,2,32,0.3178,905,1200,0.1178
4N2,2,33,0.3178,947,1200,0.1178
4O2,2,34,0.3178,989,1200,0.1178
4P2,2,35,0.3178,1032,1200,0.1178
4Q2,2,36,0.3178,1074,1200,0.1178
4R2,2,37,0.3178,1116,1200,0.1178
4S2,2,38,0.3178,1158,1200,0.1178
4T2,2,39,0.3178,1200,1200,0.1178
0A3,3,0,0.3267,400,800,0.1267
0B3,3,1,0.3267,442,800,0.1267
0C3,3,2,0.3267,484,800,0.1267
0D3,3,3,0.3267,526,800,0.1267
0E3,3,4,0.3267,568,800,0.1267
0F3,3,5,0.3267,611,800,0.1267
0G3,3,6,0.3267,653,800,0.1267
0H3,3,7,0.3267,695,800,0.1267
0I3,3,8,0.3267,737,800,0.1267
0J3,3,9,0.3267,779,800,0.1267
0K3,3,10,0.3267,821,800,0.1267
0L3,3,11,0.3267,863,800,0.1267
0M3,3,12,0.3267,905,800,0.1267
0N3,3,13,0.3267,947,800,0.1267
0O3,3,14,0.3267,989,800,0.1267
0P3,3,15,0.3267,1032,800,0.1267
0Q3,3,16,0.3267,1074,800,0.1267
0R3,3,17,0.3267,1116,800,0.1267
0S3,3,18,0.3267,1158,800,0.1267
0T3,3,19,0.3267,1200,800,0.1267
4A3,3,20,0.3267,400,1200,0.1267
4B3,3,21,0.3267,442,1200,0.1267
4C3,3,22,0.3267,484,1200,0.1267
4D3,3,23,0.3267,526,1200,0.1267
4E3,3,24,0.3267,568,1200,0.1267
4F3,3,25,0.3267,611,1200,0.1267
4G3,3,26,0.3267,653,1200,0.1267
4H3,3,27,0.3267,695,1200,0.1267
4I3,3,28,0.3267,737,1200,0.1267
4J3,3,29,0.3267,779,1200,0.1267
4K3,3,30,0.3267,821,1200,0.1267
4L3,3,31,0.3267,863,1200,0.1267
4M3,3,32,0.3267,905,1200,0.1267
4N3,3,33,0.3267,947,1200,0.1267
4O3,3,34,0.3267,989,1200,0.1267
4P3,3,35,0.3267,1032,1200,0.1267
4Q3,3,36,0.3267,1074,1200,0.1267
4R3,3,37,0.3267,1116,1200,0.1267
4S3,3,38,0.3267,1158,1200,0.1267
4T3,3,39,0.3267,1200,1200,0.1267
0A4,4,0,0.3356,400,800,0.1356
0B4,4,1,0.3356,442,800,0.1356
0C4,4,2,0.3356,484,800,0.1356
0D4,4,3,0.3356,526,800,0.1356
0E4,4,4,0.3356,568,800,0.1356
0F4,4,5,0.3356,611,800,0.1356
0G4,4,6,0.3356,653,800,0.1356
0H4,4,7,0.3356,695,800,0.1356
0I4,4,8,0.3356,737,800,0.1356
0J4,4,9,0.3356,779,800,0.1356
0K4,4,10,0.3356,821,800,0.1356
0L4,4,11,0.3356,863,800,0.1356
0M4,4,12,0.3356,905,800,0.1356
0N4,4,13,0.3356,947,800,0.1356
0O4,4,14,0.3356,989,800,0.1356
0P4,4,15,0.3356,1032,800,0.1356
0Q4,4,16,0.3356,1074,800,0.1356
0R4,4,17,0.3356,1116,800,0.1356
0S4,4,18,0.3356,1158,800,0.1356
0T4,4,19,0.3356,1200,800,0.1356
4A4,4,20,0.3356,400,1200,0.1356
4B4,4,21,0.3356,442,1200,0.1356
4C4,4,22,0.3356,484,1200,0.1356
4D4,4,23,0.3356,526,1200,0.1356
4E4,4,24,0.3356,568,1200,0.1356
4F4,4,25,0.3356,611,1200,0.1356
4G4,4,26,0.3356,653,1200,0.1356
4H4,4,27,0.3356,695,1200,0.1356
4I4,4,28,0.3356,737,1200,0.1356
4J4,4,29,0.3356,779,1200,0.1356
4K4,4,30,0.3356,821,1200,0.1356
4L4,4,31,0.3356,863,1200,0.1356
4M4,4,32,0.3356,905,1200,0.1356
4N4,4,33,0.3356,947,1200,0.1356
4O4,4,34,0.3356,989,1200,0.1356
4P4,4,35,0.3356,1032,1200,0.1356
4Q4,4,36,0.3356,1074,1200,0.1356
4R4,4,37,0.3356,1116,1200,0.1356
4S4,4,38,0.3356,1158,1200,0.1356
4T4,4,39,0.3356,1200,1200,0.1356
0A5,5,0,0.3444,400,800,0.1444
0B5,5,1,0.3444,442,800,0.1444
0C5,5,2,0.3444,484,800,0.1444
0D5,5,3,0.3444,526,800,0.1444
0E5,5,4,0.3444,568,800,0.1444
0F5,5,5,0.3444,611,800,0.1444
0G5,5,6,0.3444,653,800,0.1444
0H5,5,7,0.3444,695,800,0.1444
0I5,5,8,0.3444,737,800,0.1444
0J5,5,9,0.3444,779,800,0.1444
0K5,5,10,0.3444,821,800,0.1444
0L5,5,11,0.3444,863,800,0.1444
0M5,5,12,0.3444,905,800,0.1444
0N5,5,13,0.3444,947,800,0.1444
0O5,5,14,0.3444,989,800,0.1444
0P5,5,15,0.3444,1032,800,0.1444
0Q5,5,16,0.3444,1074,800,0.1444
0R5,5,17,0.3444,1116,800,0.1444
0S5,5,18,0.3444,1158,800,0.1444
0T5,5,19,0.3444,1200,800,0.1444
4A5,5,20,0.3444,400,1200,0.1444
4B5,5,21,0.3444,442,1200,0.1444
4C5,5,22,0.3444,484,1200,0.1444
4D5,5,23,0.3444,526,1200,0.1444
4E5,5,24,0.3444,568,1200,0.1444
4F5,5,25,0.3444,611,1200,0.1444
4G5,5,26,0.3444,653,1200,0.1444
4H5,5,27,0.3444,695,1200,0.1444
4I5,5,28,0.3444,737,1200,0.1444
4J5,5,29,0.3444,779,1200,0.1444
4K5,5,30,0.3444,821,1200,0.1444
4L5,5,31,0.3444,863,1200,0.1444
4M5,5,32,0.3444,905,1200,0.1444
4N5,5,33,0.3444,947,1200,0.1444
4O5,5,34,0.3444,989,1200,0.1444
4P5,5,35,0.3444,1032,1200,0.1444
4Q5,5,36,0.3444,1074,1200,0.1444
4R5,5,37,0.3444,1116,1200,0.1444
4S5,5,38,0.3444,1158,1200,0.1444
4T5,5,39,0.3444,1200,1200,0.1444
0A6,6,0,0.3533,400,800,0.1533
0B6,6,1,0.3533,442,800,0.1533
0C6,6,2,0.3533,484,800,0.1533
0D6,6,3,0.3533,526,800,0.1533
0E6,6,4,0.3533,568,800,0.1533
0F6,6,5,0.3533,611,800,0.1533
0G6,6,6,0.3533,653,800,0.1533
0H6,6,7,0.3533,695,800,0.1533
0I6,6,8,0.3533,737,800,0.1533
0J6,6,9,0.3533,779,800,0.1533
0K6,6,10,0.3533,821,800,0.1533
0L6,6,11,0.3533,863,800,0.1533
0M6,6,12,0.3533,905,800,0.1533
0N6,6,13,0.3533,947,800,0.1533
0O6,6,14,0.3533,989,800,0.1533
0P6,6,15,0.3533,1032,800,0.1533
0Q6,6,16,0.3533,1074,800,0.1533
0R6,6,17,0.3533,1116,800,0.1533
0S6,6,18,0.3533,1158,800,0.1533
0T6,6,19,0.3533,1200,800,0.1533
4A6,6,20,0.3533,400,1200,0.1533
4B6,6,21,0.3533,442,1200,0.1533
4C6,6,22,0.3533,484,1200,0.1533
4D6,6,23,0.3533,526,1200,0.1533
4E6,6,24,0.3533,568,1200,0.1533
4F6,6,25,0.3533,611,1200,0.1533
4G6,6,26,0.3533,653,1200,0.1533
4H6,6,27,0.3533,695,1200,0.1533
4I6,6,28,0.3533,737,1200,0.1533
4J6,6,29,0.3533,779,1200,0.1533
4K6,6,30,0.3533,821,1200,0.1533
4L6,6,31,0.3533,863,1200,0.1533
4M6,6,32,0.3533,905,1200,0.1533
4N6,6,33,0.3533,947,1200,0.1533
4O6,6,34,0.3533,989,1200,0.1533
4P6,6,35,0.3533,1032,1200,0.1533
4Q6,6,36,0.3533,1074,1200,0.1533
4R6,6,37,0.3533,1116,1200,0.1533
4S6,6,38,0.3533,1158,1200,0.1533
4T6,6,39,0.3533,1200,1200,0.1533
0A7,7,0,0.3622,400,800,0.1622
0B7,7,1,0.3622,442,800,0.1622
0C7,7,2,0.3622,484,800,0.1622
0D7,7,3,0.3622,526,800,0.1622
0E7,7,4,0.3622,568,800,0.1622
0F7,7,5,0.3622,611,800,0.1622
0G7,7,6,0.3622,653,800,0.1622
0H7,7,7,0.3622,695,800,0.1622
0I7,7,8,0.3622,737,800,0.1622
0J7,7,9,0.3622,779,800,0.1622
0K7,7,10,0.3622,821,800,0.1622
0L7,7,11,0.3622,863,800,0.1622
0M7,7,12,0.3622,905,800,0.1622
0N7,7,13,0.3622,947,800,0.1622
0O7,7,14,0.3622,989,800,0.1622
0P7,7,15,0.3622,1032,800,0.1622
0Q7,7,16,0.3622,1074,800,0.1622
0R7,7,17,0.3622,1116,800,0.1622
0S7,7,18,0.3622,1158,800,0.1622
0T7,7,19,0.3622,1200,800,0.1622
4A7,7,20,0.3622,400,1200,0.1622
4B7,7,21,0.3622,442,1200,0.1622
4C7,7,22,0.3622,484,1200,0.1622
4D7,7,23,0.3622,526,1200,0.1622
4E7,7,24,0.3622,568,1200,0.1622
4F7,7,25,0.3622,611,1200,0.1622
4G7,7,26,0.3622,653,1200,0.1622
4H7,7,27,0.3622,695,1200,0.1622
4I7,7,28,0.3622,737,1200,0.1622
4J7,7,29,0.3622,779,1200,0.1622
4K7,7,30,0.3622,821,1200,0.1622
4L7,7,31,0.3622,863,1200,0.1622
4M7,7,32,0.3622,905,1200,0.1622
4N7,7,33,0.3622,947,1200,0.1622
4O7,7,34,0.3622,989,1200,0.1622
4P7,7,35,0.3622,1032,1200,0.1622
4Q7,7,36,0.3622,1074,1200,0.1622
4R7,7,37,0.3622,1116,1200,0.1622
4S7,7,38,0.3622,1158,1200,0.1622
4T7,7,39,0.3622,1200,1200,0.1622
0A8,8,0,0.3711,400,800,0.1711
0B8,8,1,0.3711,442,800,0.1711
0C8,8,2,0.3711,484,800,0.1711
0D8,8,3,0.3711,526,800,0.1711
0E8,8,4,0.3711,568,800,0.1711
0F8,8,5,0.3711,611,800,0.1711
0G8,8,6,0.3711,653,800,0.1711
0H8,8,7,0.3711,695,800,0.1711
0I8,8,8,0.3711,737,800,0.1711
0J8,8,9,0.3711,779,800,0.1711
0K8,8,10,0.3711,821,800,0.1711
0L8,8,11,0.3711,863,800,0.1711
0M8,8,12,0.3711,905,800,0.1711
0N8,8,13,0.3711,947,800,0.1711
0O8,8,14,0.3711,989,800,0.1711
0P8,8,15,0.3711,1032,800,0.1711
0Q8,8,16,0.3711,1074,800,0.1711
0R8,8,17,0.3711,1116,800,0.1711
0S8,8,18,0.3711,1158,800,0.1711
0T8,8,19,0.3711,1200,800,0.1711
4A8,8,20,0.3711,400,1200,0.1711
4B8,8,21,0.3711,442,1200,0.1711
4C8,8,22,0.3711,484,1200,0.1711
4D8,8,23,0.3711,526,1200,0.1711
4E8,8,24,0.3711,568,1200,0.1711
4F8,8,25,0.3711,611,1200,0.1711
4G8,8,26,0.3711,653,1200,0.1711
4H8,8,27,0.3711,695,1200,0.1711
4I8,8,28,0.3711,737,1200,0.1711
4J8,8,29,0.3711,779,1200,0.1711
4K8,8,30,0.3711,821,1200,0.1711
4L8,8,31,0.3711,863,1200,0.1711
4M8,8,32,0.3711,905,1200,0.1711
4N8,8,33,0.3711,947,1200,0.1711
4O8,8,34,0.3711,989,1200,0.1711
4P8,8,35,0.3711,1032,1200,0.1711
4Q8,8,36,0.3711,1074,1200,0.1711
4R8,8,37,0.3711,1116,1200,0.1711
4S8,8,38,0.3711,1158,1200,0.1711
4T8,8,39,0.3711,1200,1200,0.1711
0A9,9,0,0.38,400,800,0.18
0B9,9,1,0.38,442,800,0.18
0C9,9,2,0.38,484,800,0.18
0D9,9,3,0.38,526,800,0.18
0E9,9,4,0.38,568,800,0.18
0F9,9,5,0.38,611,800,0.18
0G9,9,6,0.38,653,800,0.18
0H9,9,7,0.38,695,800,0.18
0I9,9,8,0.38,737,800,0.18
0J9,9,9,0.38,779,800,0.18
0K9,9,10,0.38,821,800,0.18
0L9,9,11,0.38,863,800,0.18
0M9,9,12,0.38,905,800,0.18
0N9,9,13,0.38,947,800,0.18
0O9,9,14,0.38,989,800,0.18
0P9,9,15,0.38,1032,800,0.18
0Q9,9,16,0.38,1074,800,0.18
0R9,9,17,0.38,1116,800,0.18
0S9,9,18,0.38,1158,800,0.18
0T9,9,19,0.38,1200,800,0.18
4A9,9,20,0.38,400,1200,0.18
4B9,9,21,0.38,442,1200,0.18
4C9,9,22,0.38,484,1200,0.18
4D9,9,23,0.38,526,1200,0.18
4E9,9,24,0.38,568,1200,0.18
4F9,9,25,0.38,611,1200,0.18
4G9,9,26,0.38,653,1200,0.18
4H9,9,27,0.38,695,1200,0.18
4I9,9,28,0.38,737,1200,0.18
4J9,9,29,0.38,779,1200,0.18
4K9,9,30,0.38,821,1200,0.18
4L9,9,31,0.38,863,1200,0.18
4M9,9,32,0.38,905,1200,0.18
4N9,9,33,0.38,947,1200,0.18
4O9,9,34,0.38,989,1200,0.18
4P9,9,35,0.38,1032,1200,0.18
4Q9,9,36,0.38,1074,1200,0.18
4R9,9,37,0.38,1116,1200,0.18
4S9,9,38,0.38,1158,1200,0.18
4T9,9,39,0.38,1200,1200,0.18
1A0,10,0,0.3,400,900,0.1
1B0,10,1,0.3,442,900,0.1
1C0,10,2,0.3,484,900,0.1
1D0,10,3,0.3,526,900,0.1
1E0,10,4,0.3,568,900,0.1
1F0,10,5,0.3,611,900,0.1
1G0,10,6,0.3,653,900,0.1
1H0,10,7,0.3,695,900,0.1
1I0,10,8,0.3,737,900,0.1
1J0,10,9,0.3,779,900,0.1
1K0,10,10,0.3,821,900,0.1
1L0,10,11,0.3,863,900,0.1
1M0,10,12,0.3,905,900,0.1
1N0,10,13,0.3,947,900,0.1
1O0,10,14,0.3,989,900,0.1
1P0,10,15,0.3,1032,900,0.1
1Q0,10,16,0.3,1074,900,0.1
1R0,10,17,0.3,1116,900,0.1
1S0,10,18,0.3,1158,900,0.1
1T0,10,19,0.3,1200,900,0.1
5A0,10,20,0.3,400,1300,0.1
5B0,10,21,0.3,442,1300,0.1
5C0,10,22,0.3,484,1300,0.1
5D0,10,23,0.3,526,1300,0.1
5E0,10,24,0.3,568,1300,0.1
5F0,10,25,0.3,611,1300,0.1
5G0,10,26,0.3,653,1300,0.1
5H0,10,27,0.3,695,1300,0.1
5I0,10,28,0.3,737,1300,0.1
5J0,10,29,0.3,779,1300,0.1
5K0,10,30,0.3,821,1300,0.1
5L0,10,31,0.3,863,1300,0.1
5M0,10,32,0.3,905,1300,0.1
5N0,10,33,0.3,947,1300,0.1
5O0,10,34,0.3,989,1300,0.1
5P0,10,35,0.3,1032,1300,0.1
5Q0,10,36,0.3,1074,1300,0.1
5R0,10,37,0.3,1116,1300,0.1
5S0,10,38,0.3,1158,1300,0.1
5T0,10,39,0.3,1200,1300,0.1
1A1,11,0,0.3089,400,900,0.1089
1B1,11,1,0.3089,442,900,0.1089
1C1,11,2,0.3089,484,900,0.1089
1D1,11,3,0.3089,526,900,0.1089
1E1,11,4,0.3089,568,900,0.1089
1F1,11,5,0.3089,611,900,0.1089
1G1,11,6,0.3089,653,900,0.1089
1H1,11,7,0.3089,695,900,0.1089
1I1,11,8,0.3089,737,900,0.1089
1J1,11,9,0.3089,779,900,0.1089
1K1,11,10,0.3089,821,900,0.1089
1L1,11,11,0.3089,863,900,0.1089
1M1,11,12,0.3089,905,900,0.1089
1N1,11,13,0.3089,947,900,0.1089
1O1,11,14,0.3089,989,900,0.1089
1P1,11,15,0.3089,1032,900,0.1089
1Q1,11,16,0.3089,1074,900,0.1089
1R1,11,17,0.3089,1116,900,0.1089
1S1,11,18,0.3089,1158,900,0.1089
1T1,11,19,0.3089,1200,900,0.1089
5A1,11,20,0.3089,400,1300,0.1089
5B1,11,21,0.3089,442,1300,0.1089
5C1,11,22,0.3089,484,1300,0.1089
5D1,11,23,0.3089,526,1300,0.1089
5E1,11,24,0.3089,568,1300,0.1089
5F1,11,25,0.3089,611,1300,0.1089
5G1,11,26,0.3089,653,1300,0.1089
5H1,11,27,0.3089,695,1300,0.1089
5I1,11,28,0.3089,737,1300,0.1089
5J1,11,29,0.3089,779,1300,0.1089
5K1,11,30,0.3089,821,1300,0.1089
5L1,11,31,0.3089,863,1300,0.1089
5M1,11,32,0.3089,905,1300,0.1089
5N1,11,33,0.3089,947,1300,0.1089
5O1,11,34,0.3089,989,1300,0.1089
5P1,11,35,0.3089,1032,1300,0.1089
5Q1,11,36,0.3089,1074,1300,0.1089
5R1,11,37,0.3089,1116,1300,0.1089
5S1,11,38,0.3089,1158,1300,0.1089
5T1,11,39,0.3089,1200,1300,0.1089
1A2,12,0,0.3178,400,900,0.1178
1B2,12,1,0.3178,442,900,0.1178
1C2,12,2,0.3178,484,900,0.1178
1D2,12,3,0.3178,526,900,0.1178
1E2,12,4,0.3178,568,900,0.1178
1F2,12,5,0.3178,611,900,0.1178
1G2,12,6,0.3178,653,900,0.1178
1H2,12,7,0.3178,695,900,0.1178
1I2,12,8,0.3178,737,900,0.1178
1J2,12,9,0.3178,779,900,0.1178
1K2,12,10,0.3178,821,900,0.1178
1L2,12,11,0.3178,863,900,0.1178
1M2,12,12,0.3178,905,900,0.1178
1N2,12,13,0.3178,947,900,0.1178
1O2,12,14,0.3178,989,900,0.1178
1P2,12,15,0.3178,1032,900,0.1178
1Q2,12,16,0.3178,1074,900,0.1178
1R2,12,17,0.3178,1116,900,0.1178
1S2,12,18,0.3178,1158,900,0.1178
1T2,12,19,0.3178,1200,900,0.1178
5A2,12,20,0.3178,400,1300,0.1178
5B2,12,21,0.3178,442,1300,0.1178
5C2,12,22,0.3178,484,1300,0.1178
5D2,12,23,0.3178,526,1300,0.1178
5E2,12,24,0.3178,568,1300,0.1178
5F2,12,25,0.3178,611,1300,0.1178
5G2,12,26,0.3178,653,1300,0.1178
5H2,12,27,0.3178,695,1300,0.1178
5I2,12,28,0.3178,737,1300,0.1178
5J2,12,29,0.3178,779,1300,0.1178
5K2,12,30,0.3178,821,1300,0.1178
5L2,12,31,0.3178,863,1300,0.1178
5M2,12,32,0.3178,905,1300,0.1178
5N2,12,33,0.3178,947,1300,0.1178
5O2,12,34,0.3178,989,1300,0.1178
5P2,12,35,0.3178,1032,1300,0.1178
5Q2,12,36,0.3178,1074,1300,0.1178
5R2,12,37,0.3178,1116,1300,0.1178
5S2,12,38,0.3178,1158,1300,0.1178
5T2,12,39,0.3178,1200,1300,0.1178
1A3,13,0,0.3267,400,900,0.1267
1B3,13,1,0.3267,442,900,0.1267
1C3,13,2,0.3267,484,900,0.1267
1D3,13,3,0.3267,526,900,0.1267
1E3,13,4,0.3267,568,900,0.1267
1F3,13,5,0.3267,611,900,0.1267
1G3,13,6,0.3267,653,900,0.1267
1H3,13,7,0.3267,695,900,0.1267
1I3,13,8,0.3267,737,900,0.1267
1J3,13,9,0.3267,779,900,0.1267
1K3,13,10,0.3267,821,900,0.1267
1L3,13,11,0.3267,863,900,0.1267
1M3,13,12,0.3267,905,900,0.1267
1N3,13,13,0.3267,947,900,0.1267
1O3,13,14,0.3267,989,900,0.1267
1P3,13,15,0.3267,1032,900,0.1267
1Q3,13,16,0.3267,1074,900,0.1267
1R3,13,17,0.3267,1116,900,0.1267
1S3,13,18,0.3267,1158,900,0.1267
1T3,13,19,0.3267,1200,900,0.1267
5A3,13,20,0.3267,400,1300,0.1267
5B3,13,21,0.3267,442,1300,0.1267
5C3,13,22,0.3267,484,1300,0.1267
5D3,13,23,0.3267,526,1300,0.1267
5E3,13,24,0.3267,568,1300,0.1267
5F3,13,25,0.3267,611,1300,0.1267
5G3,13,26,0.3267,653,1300,0.1267
5H3,13,27,0.3267,695,1300,0.1267
5I3,13,28,0.3267,737,1300,0.1267
5J3,13,29,0.3267,779,1300,0.1267
5K3,13,30,0.3267,821,1300,0.1267
5L3,13,31,0.3267,863,1300,0.1267
5M3,13,32,0.3267,905,1300,0.1267
5N3,13,33,0.3267,947,1300,0.1267
5O3,13,34,0.3267,989,1300,0.1267
5P3,13,35,0.3267,1032,1300,0.1267
5Q3,13,36,0.3267,1074,1300,0.1267
5R3,13,37,0.3267,1116,1300,0.1267
5S3,13,38,0.3267,1158,1300,0.1267
5T3,13,39,0.3267,1200,1300,0.1267
1A4,14,0,0.3356,400,900,0.1356
1B4,14,1,0.3356,442,900,0.1356
1C4,14,2,0.3356,484,900,0.1356
1D4,14,3,0.3356,526,900,0.1356
1E4,14,4,0.3356,568,900,0.1356
1F4,14,5,0.3356,611,900,0.1356
1G4,14,6,0.3356,653,900,0.1356
1H4,14,7,0.3356,695,900,0.1356
1I4,14,8,0.3356,737,900,0.1356
1J4,14,9,0.3356,779,900,0.1356
1K4,14,10,0.3356,821,900,0.1356
1L4,14,11,0.3356,863,900,0.1356
1M4,14,12,0.3356,905,900,0.1356
1N4,14,13,0.3356,947,900,0.1356
1O4,14,14,0.3356,989,900,0.1356
1P4,14,15,0.3356,1032,900,0.1356
1Q4,14,16,0.3356,1074,900,0.1356
1R4,14,17,0.3356,1116,900,0.1356
1S4,14,18,0.3356,1158,900,0.1356
1T4,14,19,0.3356,1200,900,0.1356
5A4,14,20,0.3356,400,1300,0.1356
5B4,14,21,0.3356,442,1300,0.1356
5C4,14,22,0.3356,484,1300,0.1356
5D4,14,23,0.3356,526,1300,0.1356
5E4,14,24,0.3356,568,1300,0.1356
5F4,14,25,0.3356,611,1300,0.1356
5G4,14,26,0.3356,653,1300,0.1356
5H4,14,27,0.3356,695,1300,0.1356
5I4,14,28,0.3356,737,1300,0.1356
5J4,14,29,0.3356,779,1300,0.1356
5K4,14,30,0.3356,821,1300,0.1356
5L4,14,31,0.3356,863,1300,0.1356
5M4,14,32,0.3356,905,1300,0.1356
5N4,14,33,0.3356,947,1300,0.1356
5O4,14,34,0.3356,989,1300,0.1356
5P4,14,35,0.3356,1032,1300,0.1356
5Q4,14,36,0.3356,1074,1300,0.1356
5R4,14,37,0.3356,1116,1300,0.1356
5S4,14,38,0.3356,1158,1300,0.1356
5T4,14,39,0.3356,1200,1300,0.1356
1A5,15,0,0.3444,400,900,0.1444
1B5,15,1,0.3444,442,900,0.1444
1C5,15,2,0.3444,484,900,0.1444
1D5,15,3,0.3444,526,900,0.1444
1E5,15,4,0.3444,568,900,0.1444
1F5,15,5,0.3444,611,900,0.1444
1G5,15,6,0.3444,653,900,0.1444
1H5,15,7,0.3444,695,900,0.1444
1I5,15,8,0.3444,737,900,0.1444
1J5,15,9,0.3444,779,900,0.1444
1K5,15,10,0.3444,821,900,0.1444
1L5,15,11,0.3444,863,900,0.1444
1M5,15,12,0.3444,905,900,0.1444
1N5,15,13,0.3444,947,900,0.1444
1O5,15,14,0.3444,989,900,0.1444
1P5,15,15,0.3444,1032,900,0.1444
1Q5,15,16,0.3444,1074,900,0.1444
1R5,15,17,0.3444,1116,900,0.1444
1S5,15,18,0.3444,1158,900,0.1444
1T5,15,19,0.3444,1200,900,0.1444
5A5,15,20,0.3444,400,1300,0.1444
5B5,15,21,0.3444,442,1300,0.1444
5C5,15,22,0.3444,484,1300,0.1444
5D5,15,23,0.3444,526,1300,0.1444
5E5,15,24,0.3444,568,1300,0.1444
5F5,15,25,0.3444,611,1300,0.1444
5G5,15,26,0.3444,653,1300,0.1444
5H5,15,27,0.3444,695,1300,0.1444
5I5,15,28,0.3444,737,1300,0.1444
5J5,15,29,0.3444,779,1300,0.1444
5K5,15,30,0.3444,821,1300,0.1444
5L5,15,31,0.3444,863,1300,0.1444
5M5,15,32,0.3444,905,1300,0.1444
5N5,15,33,0.3444,947,1300,0.1444
5O5,15,34,0.3444,989,1300,0.1444
5P5,15,35,0.3444,1032,1300,0.1444
5Q5,15,36,0.3444,1074,1300,0.1444
5R5,15,37,0.3444,1116,1300,0.1444
5S5,15,38,0.3444,1158,1300,0.1444
5T5,15,39,0.3444,1200,1300,0.1444
1A6,16,0,0.3533,400,900,0.1533
1B6,16,1,0.3533,442,900,0.1533
1C6,16,2,0.3533,484,900,0.1533
1D6,16,3,0.3533,526,900,0.1533
1E6,16,4,0.3533,568,900,0.1533
1F6,16,5,0.3533,611,900,0.1533
1G6,16,6,0.3533,653,900,0.1533
1H6,16,7,0.3533,695,900,0.1533
1I6,16,8,0.3533,737,900,0.1533
1J6,16,9,0.3533,779,900,0.1533
1K6,16,10,0.3533,821,900,0.1533
1L6,16,11,0.3533,863,900,0.1533
1M6,16,12,0.3533,905,900,0.1533
1N6,16,13,0.3533,947,900,0.1533
1O6,16,14,0.3533,989,900,0.1533
1P6,16,15,0.3533,1032,900,0.1533
1Q6,16,16,0.3533,1074,900,0.1533
1R6,16,17,0.3533,1116,900,0.1533
1S6,16,18,0.3533,1158,900,0.1533
1T6,16,19,0.3533,1200,900,0.1533
5A6,16,20,0.3533,400,1300,0.1533
5B6,16,21,0.3533,442,1300,0.1533
5C6,16,22,0.3533,484,1300,0.1533
5D6,16,23,0.3533,526,1300,0.1533
5E6,16,24,0.3533,568,1300,0.1533
5F6,16,25,0.3533,611,1300,0.1533
5G6,16,26,0.3533,653,1300,0.1533
5H6,16,27,0.3533,695,1300,0.1533
5I6,16,28,0.3533,737,1300,0.1533
5J6,16,29,0.3533,779,1300,0.1533
5K6,16,30,0.3533,821,1300,0.1533
5L6,16,31,0.3533,863,1300,0.1533
5M6,16,32,0.3533,905,1300,0.1533
5N6,16,33,0.3533,947,1300,0.1533
5O6,16,34,0.3533,989,1300,0.1533
5P6,16,35,0.3533,1032,1300,0.1533
5Q6,16,36,0.3533,1074,1300,0.1533
5R6,16,37,0.3533,1116,1300,0.1533
5S6,16,38,0.3533,1158,1300,0.1533
5T6,16,39,0.3533,1200,1300,0.1533
1A7,17,0,0.3622,400,900,0.1622
1B7,17,1,0.3622,442,900,0.1622
1C7,17,2,0.3622,484,900,0.1622
1D7,17,3,0.3622,526,900,0.1622
1E7,17,4,0.3622,568,900,0.1622
1F7,17,5,0.3622,611,900,0.1622
1G7,17,6,0.3622,653,900,0.1622
1H7,17,7,0.3622,695,900,0.1622
1I7,17,8,0.3622,737,900,0.1622
1J7,17,9,0.3622,779,900,0.1622
1K7,17,10,0.3622,821,900,0.1622
1L7,17,11,0.3622,863,900,0.1622
1M7,17,12,0.3622,905,900,0.1622
1N7,17,13,0.3622,947,900,0.1622
1O7,17,14,0.3622,989,900,0.1622
1P7,17,15,0.3622,1032,900,0.1622
1Q7,17,16,0.3622,1074,900,0.1622
1R7,17,17,0.3622,1116,900,0.1622
1S7,17,18,0.3622,1158,900,0.1622
1T7,17,19,0.3622,1200,900,0.1622
5A7,17,20,0.3622,400,1300,0.1622
5B7,17,21,0.3622,442,1300,0.1622
5C7,17,22,0.3622,484,1300,0.1622
5D7,17,23,0.3622,526,1300,0.1622
5E7,17,24,0.3622,568,1300,0.1622
5F7,17,25,0.3622,611,1300,0.1622
5G7,17,26,0.3622,653,1300,0.1622
5H7,17,27,0.3622,695,1300,0.1622
5I7,17,28,0.3622,737,1300,0.1622
5J7,17,29,0.3622,779,1300,0.1622
5K7,17,30,0.3622,821,1300,0.1622
5L7,17,31,0.3622,863,1300,0.1622
5M7,17,32,0.3622,905,1300,0.1622
5N7,17,33,0.3622,947,1300,0.1622
5O7,17,34,0.3622,989,1300,0.1622
5P7,17,35,0.3622,1032,1300,0.1622
5Q7,17,36,0.3622,1074,1300,0.1622
5R7,17,37,0.3622,1116,1300,0.1622
5S7,17,38,0.3622,1158,1300,0.1622
5T7,17,39,0.3622,1200,1300,0.1622
1A8,18,0,0.3711,400,900,0.1711
1B8,18,1,0.3711,442,900,0.1711
1C8,18,2,0.3711,484,900,0.1711
1D8,18,3,0.3711,526,900,0.1711
1E8,18,4,0.3711,568,900,0.1711
1F8,18,5,0.3711,611,900,0.1711
1G8,18,6,0.3711,653,900,0.1711
1H8,18,7,0.3711,695,900,0.1711
1I8,18,8,0.3711,737,900,0.1711
1J8,18,9,0.3711,779,900,0.1711
1K8,18,10,0.3711,821,900,0.1711
1L8,18,11,0.3711,863,900,0.1711
1M8,18,12,0.3711,905,900,0.1711
1N8,18,13,0.3711,947,900,0.1711
1O8,18,14,0.3711,989,900,0.1711
1P8,18,15,0.3711,1032,900,0.1711
1Q8,18,16,0.3711,1074,900,0.1711
1R8,18,17,0.3711,1116,900,0.1711
1S8,18,18,0.3711,1158,900,0.1711
1T8,18,19,0.3711,1200,900,0.1711
5A8,18,20,0.3711,400,1300,0.1711
5B8,18,21,0.3711,442,1300,0.1711
5C8,18,22,0.3711,484,1300,0.1711
5D8,18,23,0.3711,526,1300,0.1711
5E8,18,24,0.3711,568,1300,0.1711
5F8,18,25,0.3711,611,1300,0.1711
5G8,18,26,0.3711,653,1300,0.1711
5H8,18,27,0.3711,695,1300,0.1711
5I8,18,28,0.3711,737,1300,0.1711
5J8,18,29,0.3711,779,1300,0.1711
5K8,18,30,0.3711,821,1300,0.1711
5L8,18,31,0.3711,863,1300,0.1711
5M8,18,32,0.3711,905,1300,0.1711
5N8,18,33,0.3711,947,1300,0.1711
5O8,18,34,0.3711,989,1300,0.1711
5P8,18,35,0.3711,1032,1300,0.1711
5Q8,18,36,0.3711,1074,1300,0.1711
5R8,18,37,0.3711,1116,1300,0.1711
5S8,18,38,0.3711,1158,1300,0.1711
5T8,18,39,0.3711,1200,1300,0.1711
1A9,19,0,0.38,400,900,0.18
1B9,19,1,0.38,442,900,0.18
1C9,19,2,0.38,484,900,0.18
1D9,19,3,0.38,526,900,0.18
1E9,19,4,0.38,568,900,0.18
1F9,19,5,0.38,611,900,0.18
1G9,19,6,0.38,653,900,0.18
1H9,19,7,0.38,695,900,0.18
1I9,19,8,0.38,737,900,0.18
1J9,19,9,0.38,779,900,0.18
1K9,19,10,0.38,821,900,0.18
1L9,19,11,0.38,863,900,0.18
1M9,19,12,0.38,905,900,0.18
1N9,19,13,0.38,947,900,0.18
1O9,19,14,0.38,989,900,0.18
1P9,19,15,0.38,1032,900,0.18
1Q9,19,16,0.38,1074,900,0.18
1R9,19,17,0.38,1116,900,0.18
1S9,19,18,0.38,1158,900,0.18
1T9,19,19,0.38,1200,900,0.18
5A9,19,20,0.38,400,1300,0.18
5B9,19,21,0.38,442,1300,0.18
5C9,19,22,0.38,484,1300,0.18
5D9,19,23,0.38,526,1300,0.18
5E9,19,24,0.38,568,1300,0.18
5F9,19,25,0.38,611,1300,0.18
5G9,19,26,0.38,653,1300,0.18
5H9,19,27,0.38,695,1300,0.18
5I9,19,28,0.38,737,1300,0.18
5J9,19,29,0.38,779,1300,0.18
5K9,19,30,0.38,821,1300,0.18
5L9,19,31,0.38,863,1300,0.18
5M9,19,32,0.38,905,1300,0.18
5N9,19,33,0.38,947,1300,0.18
5O9,19,34,0.38,989,1300,0.18
5P9,19,35,0.38,1032,1300,0.18
5Q9,19,36,0.38,1074,1300,0.18
5R9,19,37,0.38,1116,1300,0.18
5S9,19,38,0.38,1158,1300,0.18
5T9,19,39,0.38,1200,1300,0.18
2A0,20,0,0.3,400,1000,0.1
2B0,20,1,0.3,442,1000,0.1
2C0,20,2,0.3,484,1000,0.1
2D0,20,3,0.3,526,1000,0.1
2E0,20,4,0.3,568,1000,0.1
2F0,20,5,0.3,611,1000,0.1
2G0,20,6,0.3,653,1000,0.1
2H0,20,7,0.3,695,1000,0.1
2I0,20,8,0.3,737,1000,0.1
2J0,20,9,0.3,779,1000,0.1
2K0,20,10,0.3,821,1000,0.1
2L0,20,11,0.3,863,1000,0.1
2M0,20,12,0.3,905,1000,0.1
2N0,20,13,0.3,947,1000,0.1
2O0,20,14,0.3,989,1000,0.1
2P0,20,15,0.3,1032,1000,0.1
2Q0,20,16,0.3,1074,1000,0.1
2R0,20,17,0.3,1116,1000,0.1
2S0,20,18,0.3,1158,1000,0.1
2T0,20,19,0.3,1200,1000,0.1
6A0,20,20,0.3,400,1400,0.1
6B0,20,21,0.3,442,1400,0.1
6C0,20,22,0.3,484,1400,0.1
6D0,20,23,0.3,526,1400,0.1
6E0,20,24,0.3,568,1400,0.1
6F0,20,25,0.3,611,1400,0.1
6G0,20,26,0.3,653,1400,0.1
6H0,20,27,0.3,695,1400,0.1
6I0,20,28,0.3,737,1400,0.1
6J0,20,29,0.3,779,1400,0.1
6K0,20,30,0.3,821,1400,0.1
6L0,20,31,0.3,863,1400,0.1
6M0,20,32,0.3,905,1400,0.1
6N0,20,33,0.3,947,1400,0.1
6O0,20,34,0.3,989,1400,0.1
6P0,20,35,0.3,1032,1400,0.1
6Q0,20,36,0.3,1074,1400,0.1
6R0,20,37,0.3,1116,1400,0.1
6S0,20,38,0.3,1158,1400,0.1
6T0,20,39,0.3,1200,1400,0.1
2A1,21,0,0.3089,400,1000,0.1089
2B1,21,1,0.3089,442,1000,0.1089
2C1,21,2,0.3089,484,1000,0.1089
2D1,21,3,0.3089,526,1000,0.1089
2E1,21,4,0.3089,568,1000,0.1089
2F1,21,5,0.3089,611,1000,0.1089
2G1,21,6,0.3089,653,1000,0.1089
2H1,21,7,0.3089,695,1000,0.1089
2I1,21,8,0.3089,737,1000,0.1089
2J1,21,9,0.3089,779,1000,0.1089
2K1,21,10,0.3089,821,1000,0.1089
2L1,21,11,0.3089,863,1000,0.1089
2M1,21,12,0.3089,905,1000,0.1089
2N1,21,13,0.3089,947,1000,0.1089
2O1,21,14,0.3089,989,1000,0.1089
2P1,21,15,0.3089,1032,1000,0.1089
2Q1,21,16,0.3089,1074,1000,0.1089
2R1,21,17,0.3089,1116,1000,0.1089
2S1,21,18,0.3089,1158,1000,0.1089
2T1,21,19,0.3089,1200,1000,0.1089
6A1,21,20,0.3089,400,1400,0.1089
6B1,21,21,0.3089,442,1400,0.1089
6C1,21,22,0.3089,484,1400,0.1089
6D1,21,23,0.3089,526,1400,0.1089
6E1,21,24,0.3089,568,1400,0.1089
6F1,21,25,0.3089,611,1400,0.1089
6G1,21,26,0.3089,653,1400,0.1089
6H1,21,27,0.3089,695,1400,0.1089
6I1,21,28,0.3089,737,1400,0.1089
6J1,21,29,0.3089,779,1400,0.1089
6K1,21,30,0.3089,821,1400,0.1089
6L1,21,31,0.3089,863,1400,0.1089
6M1,21,32,0.3089,905,1400,0.1089
6N1,21,33,0.3089,947,1400,0.1089
6O1,21,34,0.3089,989,1400,0.1089
6P1,21,35,0.3089,1032,1400,0.1089
6Q1,21,36,0.3089,1074,1400,0.1089
6R1,21,37,0.3089,1116,1400,0.1089
6S1,21,38,0.3089,1158,1400,0.1089
6T1,21,39,0.3089,1200,1400,0.1089
2A2,22,0,0.3178,400,1000,0.1178
2B2,22,1,0.3178,442,1000,0.1178
2C2,22,2,0.3178,484,1000,0.1178
2D2,22,3,0.3178,526,1000,0.1178
2E2,22,4,0.3178,568,1000,0.1178
2F2,22,5,0.3178,611,1000,0.1178
2G2,22,6,0.3178,653,1000,0.1178
2H2,22,7,0.3178,695,1000,0.1178
2I2,22,8,0.3178,737,1000,0.1178
2J2,22,9,0.3178,779,1000,0.1178
2K2,22,10,0.3178,821,1000,0.1178
2L2,22,11,0.3178,863,1000,0.1178
2M2,22,12,0.3178,905,1000,0.1178
2N2,22,13,0.3178,947,1000,0.1178
2O2,22,14,0.3178,989,1000,0.1178
2P2,22,15,0.3178,1032,1000,0.1178
2Q2,22,16,0.3178,1074,1000,0.1178
2R2,22,17,0.3178,1116,1000,0.1178
2S2,22,18,0.3178,1158,1000,0.1178
2T2,22,19,0.3178,1200,1000,0.1178
6A2,22,20,0.3178,400,1400,0.1178
6B2,22,21,0.3178,442,1400,0.1178
6C2,22,22,0.3178,484,1400,0.1178
6D2,22,23,0.3178,526,1400,0.1178
6E2,22,24,0.3178,568,1400,0.1178
6F2,22,25,0.3178,611,1400,0.1178
6G2,22,26,0.3178,653,1400,0.1178
6H2,22,27,0.3178,695,1400,0.1178
6I2,22,28,0.3178,737,1400,0.1178
6J2,22,29,0.3178,779,1400,0.1178
6K2,22,30,0.3178,821,1400,0.1178
6L2,22,31,0.3178,863,1400,0.1178
6M2,22,32,0.3178,905,1400,0.1178
6N2,22,33,0.3178,947,1400,0.1178
6O2,22,34,0.3178,989,1400,0.1178
6P2,22,35,0.3178,1032,1400,0.1178
6Q2,22,36,0.3178,1074,1400,0.1178
6R2,22,37,0.3178,1116,1400,0.1178
6S2,22,38,0.3178,1158,1400,0.1178
6T2,22,39,0.3178,1200,1400,0.1178
2A3,23,0,0.3267,400,1000,0.1267
2B3,23,1,0.3267,442,1000,0.1267
2C3,23,2,0.3267,484,1000,0.1267
2D3,23,3,0.3267,526,1000,0.1267
2E3,23,4,0.3267,568,1000,0.1267
2F3,23,5,0.3267,611,1000,0.1267
2G3,23,6,0.3267,653,1000,0.1267
2H3,23,7,0.3267,695,1000,0.1267
2I3,23,8,0.3267,737,1000,0.1267
2J3,23,9,0.3267,779,1000,0.1267
2K3,23,10,0.3267,821,1000,0.1267
2L3,23,11,0.3267,863,1000,0.1267
2M3,23,12,0.3267,905,1000,0.1267
2N3,23,13,0.3267,947,1000,0.1267
2O3,23,14,0.3267,989,1000,0.1267
2P3,23,15,0.3267,1032,1000,0.1267
2Q3,23,16,0.3267,1074,1000,0.1267
2R3,23,17,0.3267,1116,1000,0.1267
2S3,23,18,0.3267,1158,1000,0.1267
2T3,23,19,0.3267,1200,1000,0.1267
6A3,23,20,0.3267,400,1400,0.1267
6B3,23,21,0.3267,442,1400,0.1267
6C3,23,22,0.3267,484,1400,0.1267
6D3,23,23,0.3267,526,1400,0.1267
6E3,23,24,0.3267,568,1400,0.1267
6F3,23,25,0.3267,611,1400,0.1267
6G3,23,26,0.3267,653,1400,0.1267
6H3,23,27,0.3267,695,1400,0.1267
6I3,23,28,0.3267,737,1400,0.1267
6J3,23,29,0.3267,779,1400,0.1267
6K3,23,30,0.3267,821,1400,0.1267
6L3,23,31,0.3267,863,1400,0.1267
6M3,23,32,0.3267,905,1400,0.1267
6N3,23,33,0.3267,947,1400,0.1267
6O3,23,34,0.3267,989,1400,0.1267
6P3,23,35,0.3267,1032,1400,0.1267
6Q3,23,36,0.3267,1074,1400,0.1267
6R3,23,37,0.3267,1116,1400,0.1267
6S3,23,38,0.3267,1158,1400,0.1267
6T3,23,39,0.3267,1200,1400,0.1267
2A4,24,0,0.3356,400,1000,0.1356
2B4,24,1,0.3356,442,1000,0.1356
2C4,24,2,0.3356,484,1000,0.1356
2D4,24,3,0.3356,526,1000,0.1356
2E4,24,4,0.3356,568,1000,0.1356
2F4,24,5,0.3356,611,1000,0.1356
2G4,24,6,0.3356,653,1000,0.1356
2H4,24,7,0.3356,695,1000,0.1356
2I4,24,8,0.3356,737,1000,0.1356
2J4,24,9,0.3356,779,1000,0.1356
2K4,24,10,0.3356,821,1000,0.1356
2L4,24,11,0.3356,863,1000,0.1356
2M4,24,12,0.3356,905,1000,0.1356
2N4,24,13,0.3356,947,1000,0.1356
2O4,24,14,0.3356,989,1000,0.1356
2P4,24,15,0.3356,1032,1000,0.1356
2Q4,24,16,0.3356,1074,1000,0.1356
2R4,24,17,0.3356,1116,1000,0.1356
2S4,24,18,0.3356,1158,1000,0.1356
2T4,24,19,0.3356,1200,1000,0.1356
6A4,24,20,0.3356,400,1400,0.1356
6B4,24,21,0.3356,442,1400,0.1356
6C4,24,22,0.3356,484,1400,0.1356
6D4,24,23,0.3356,526,1400,0.1356
6E4,24,24,0.3356,568,1400,0.1356
6F4,24,25,0.3356,611,1400,0.1356
6G4,24,26,0.3356,653,1400,0.1356
6H4,24,27,0.3356,695,1400,0.1356
6I4,24,28,0.3356,737,1400,0.1356
6J4,24,29,0.3356,779,1400,0.1356
6K4,24,30,0.3356,821,1400,0.1356
6L4,24,31,0.3356,863,1400,0.1356
6M4,24,32,0.3356,905,1400,0.1356
6N4,24,33,0.3356,947,1400,0.1356
6O4,24,34,0.3356,989,1400,0.1356
6P4,24,35,0.3356,1032,1400,0.1356
6Q4,24,36,0.3356,1074,1400,0.1356
6R4,24,37,0.3356,1116,1400,0.1356
6S4,24,38,0.3356,1158,1400,0.1356
6T4,24,39,0.3356,1200,1400,0.1356
2A5,25,0,0.3444,400,1000,0.1444
2B5,25,1,0.3444,442,1000,0.1444
2C5,25,2,0.3444,484,1000,0.1444
2D5,25,3,0.3444,526,1000,0.1444
2E5,25,4,0.3444,568,1000,0.1444
2F5,25,5,0.3444,611,1000,0.1444
2G5,25,6,0.3444,653,1000,0.1444
2H5,25,7,0.3444,695,1000,0.1444
2I5,25,8,0.3444,737,1000,0.1444
2J5,25,9,0.3444,779,1000,0.1444
2K5,25,10,0.3444,821,1000,0.1444
2L5,25,11,0.3444,863,1000,0.1444
2M5,25,12,0.3444,905,1000,0.1444
2N5,25,13,0.3444,947,1000,0.1444
2O5,25,14,0.3444,989,1000,0.1444
2P5,25,15,0.3444,1032,1000,0.1444
2Q5,25,16,0.3444,1074,1000,0.1444
2R5,25,17,0.3444,1116,1000,0.1444
2S5,25,18,0.3444,1158,1000,0.1444
2T5,25,19,0.3444,1200,1000,0.1444
6A5,25,20,0.3444,400,1400,0.1444
6B5,25,21,0.3444,442,1400,0.1444
6C5,25,22,0.3444,484,1400,0.1444
6D5,25,23,0.3444,526,1400,0.1444
6E5,25,24,0.3444,568,1400,0.1444
6F5,25,25,0.3444,611,1400,0.1444
6G5,25,26,0.3444,653,1400,0.1444
6H5,25,27,0.3444,695,1400,0.1444
6I5,25,28,0.3444,737,1400,0.1444
6J5,25,29,0.3444,779,1400,0.1444
6K5,25,30,0.3444,821,1400,0.1444
6L5,25,31,0.3444,863,1400,0.1444
6M5,25,32,0.3444,905,1400,0.1444
6N5,25,33,0.3444,947,1400,0.1444
6O5,25,34,0.3444,989,1400,0.1444
6P5,25,35,0.3444,1032,1400,0.1444
6Q5,25,36,0.3444,1074,1400,0.1444
6R5,25,37,0.3444,1116,1400,0.1444
6S5,25,38,0.3444,1158,1400,0.1444
6T5,25,39,0.3444,1200,1400,0.1444
2A6,26,0,0.3533,400,1000,0.1533
2B6,26,1,0.3533,442,1000,0.1533
2C6,26,2,0.3533,484,1000,0.1533
2D6,26,3,0.3533,526,1000,0.1533
2E6,26,4,0.3533,568,1000,0.1533
2F6,26,5,0.3533,611,1000,0.1533
2G6,26,6,0.3533,653,1000,0.1533
2H6,26,7,0.3533,695,1000,0.1533
2I6,26,8,0.3533,737,1000,0.1533
2J6,26,9,0.3533,779,1000,0.1533
2K6,26,10,0.3533,821,1000,0.1533
2L6,26,11,0.3533,863,1000,0.1533
2M6,26,12,0.3533,905,1000,0.1533
2N6,26,13,0.3533,947,1000,0.1533
2O6,26,14,0.3533,989,1000,0.1533
2P6,26,15,0.3533,1032,1000,0.1533
2Q6,26,16,0.3533,1074,1000,0.1533
2R6,26,17,0.3533,1116,1000,0.1533
2S6,26,18,0.3533,1158,1000,0.1533
2T6,26,19,0.3533,1200,1000,0.1533
6A6,26,20,0.3533,400,1400,0.1533
6B6,26,21,0.3533,442,1400,0.1533
6C6,26,22,0.3533,484,1400,0.1533
6D6,26,23,0.3533,526,1400,0.1533
6E6,26,24,0.3533,568,1400,0.1533
6F6,26,25,0.3533,611,1400,0.1533
6G6,26,26,0.3533,653,1400,0.1533
6H6,26,27,0.3533,695,1400,0.1533
6I6,26,28,0.3533,737,1400,0.1533
6J6,26,29,0.3533,779,1400,0.1533
6K6,26,30,0.3533,821,1400,0.1533
6L6,26,31,0.3533,863,1400,0.1533
6M6,26,32,0.3533,905,1400,0.1533
6N6,26,33,0.3533,947,1400,0.1533
6O6,26,34,0.3533,989,1400,0.1533
6P6,26,35,0.3533,1032,1400,0.1533
6Q6,26,36,0.3533,1074,1400,0.1533
6R6,26,37,0.3533,1116,1400,0.1533
6S6,26,38,0.3533,1158,1400,0.1533
6T6,26,39,0.3533,1200,1400,0.1533
2A7,27,0,0.3622,400,1000,0.1622
2B7,27,1,0.3622,442,1000,0.1622
2C7,27,2,0.3622,484,1000,0.1622
2D7,27,3,0.3622,526,1000,0.1622
2E7,27,4,0.3622,568,1000,0.1622
2F7,27,5,0.3622,611,1000,0.1622
2G7,27,6,0.3622,653,1000,0.1622
2H7,27,7,0.3622,695,1000,0.1622
2I7,27,8,0.3622,737,1000,0.1622
2J7,27,9,0.3622,779,1000,0.1622
2K7,27,10,0.3622,821,1000,0.1622
2L7,27,11,0.3622,863,1000,0.1622
2M7,27,12,0.3622,905,1000,0.1622
2N7,27,13,0.3622,947,1000,0.1622
2O7,27,14,0.3622,989,1000,0.1622
2P7,27,15,0.3622,1032,1000,0.1622
2Q7,27,16,0.3622,1074,1000,0.1622
2R7,27,17,0.3622,1116,1000,0.1622
2S7,27,18,0.3622,1158,1000,0.1622
2T7,27,19,0.3622,1200,1000,0.1622
6A7,27,20,0.3622,400,1400,0.1622
6B7,27,21,0.3622,442,1400,0.1622
6C7,27,22,0.3622,484,1400,0.1622
6D7,27,23,0.3622,526,1400,0.1622
6E7,27,24,0.3622,568,1400,0.1622
6F7,27,25,0.3622,611,1400,0.1622
6G7,27,26,0.3622,653,1400,0.1622
6H7,27,27,0.3622,695,1400,0.1622
6I7,27,28,0.3622,737,1400,0.1622
6J7,27,29,0.3622,779,1400,0.1622
6K7,27,30,0.3622,821,1400,0.1622
6L7,27,31,0.3622,863,1400,0.1622
6M7,27,32,0.3622,905,1400,0.1622
6N7,27,33,0.3622,947,1400,0.1622
6O7,27,34,0.3622,989,1400,0.1622
6P7,27,35,0.3622,1032,1400,0.1622
6Q7,27,36,0.3622,1074,1400,0.1622
6R7,27,37,0.3622,1116,1400,0.1622
6S7,27,38,0.3622,1158,1400,0.1622
6T7,27,39,0.3622,1200,1400,0.1622
2A8,28,0,0.3711,400,1000,0.1711
2B8,28,1,0.3711,442,1000,0.1711
2C8,28,2,0.3711,484,1000,0.1711
2D8,28,3,0.3711,526,1000,0.1711
2E8,28,4,0.3711,568,1000,0.1711
2F8,28,5,0.3711,611,1000,0.1711
2G8,28,6,0.3711,653,1000,0.1711
2H8,28,7,0.3711,695,1000,0.1711
2I8,28,8,0.3711,737,1000,0.1711
2J8,28,9,0.3711,779,1000,0.1711
2K8,28,10,0.3711,821,1000,0.1711
2L8,28,11,0.3711,863,1000,0.1711
2M8,28,12,0.3711,905,1000,0.1711
2N8,28,13,0.3711,947,1000,0.1711
2O8,28,14,0.3711,989,1000,0.1711
2P8,28,15,0.3711,1032,1000,0.1711
2Q8,28,16,0.3711,1074,1000,0.1711
2R8,28,17,0.3711,1116,1000,0.1711
2S8,28,18,0.3711,1158,1000,0.1711
2T8,28,19,0.3711,1200,1000,0.1711
6A8,28,20,0.3711,400,1400,0.1711
6B8,28,21,0.3711,442,1400,0.1711
6C8,28,22,0.3711,484,1400,0.1711
6D8,28,23,0.3711,526,1400,0.1711
6E8,28,24,0.3711,568,1400,0.1711
6F8,28,25,0.3711,611,1400,0.1711
6G8,28,26,0.3711,653,1400,0.1711
6H8,28,27,0.3711,695,1400,0.1711
6I8,28,28,0.3711,737,1400,0.1711
6J8,28,29,0.3711,779,1400,0.1711
6K8,28,30,0.3711,821,1400,0.1711
6L8,28,31,0.3711,863,1400,0.1711
6M8,28,32,0.3711,905,1400,0.1711
6N8,28,33,0.3711,947,1400,0.1711
6O8,28,34,0.3711,989,1400,0.1711
6P8,28,35,0.3711,1032,1400,0.1711
6Q8,28,36,0.3711,1074,1400,0.1711
6R8,28,37,0.3711,1116,1400,0.1711
6S8,28,38,0.3711,1158,1400,0.1711
6T8,28,39,0.3711,1200,1400,0.1711
2A9,29,0,0.38,400,1000,0.18
2B9,29,1,0.38,442,1000,0.18
2C9,29,2,0.38,484,1000,0.18
2D9,29,3,0.38,526,1000,0.18
2E9,29,4,0.38,568,1000,0.18
2F9,29,5,0.38,611,1000,0.18
2G9,29,6,0.38,653,1000,0.18
2H9,29,7,0.38,695,1000,0.18
2I9,29,8,0.38,737,1000,0.18
2J9,29,9,0.38,779,1000,0.18
2K9,29,10,0.38,821,1000,0.18
2L9,29,11,0.38,863,1000,0.18
2M9,29,12,0.38,905,1000,0.18
2N9,29,13,0.38,947,1000,0.18
2O9,29,14,0.38,989,1000,0.18
2P9,29,15,0.38,1032,1000,0.18
2Q9,29,16,0.38,1074,1000,0.18
2R9,29,17,0.38,1116,1000,0.18
2S9,29,18,0.38,1158,1000,0.18
2T9,29,19,0.38,1200,1000,0.18
6A9,29,20,0.38,400,1400,0.18
6B9,29,21,0.38,442,1400,0.18
6C9,29,22,0.38,484,1400,0.18
6D9,29,23,0.38,526,1400,0.18
6E9,29,24,0.38,568,1400,0.18
6F9,29,25,0.38,611,1400,0.18
6G9,29,26,0.38,653,1400,0.18
6H9,29,27,0.38,695,1400,0.18
6I9,29,28,0.38,737,1400,0.18
6J9,29,29,0.38,779,1400,0.18
6K9,29,30,0.38,821,1400,0.18
6L9,29,31,0.38,863,1400,0.18
6M9,29,32,0.38,905,1400,0.18
6N9,29,33,0.38,947,1400,0.18
6O9,29,34,0.38,989,1400,0.18
6P9,29,35,0.38,1032,1400,0.18
6Q9,29,36,0.38,1074,1400,0.18
6R9,29,37,0.38,1116,1400,0.18
6S9,29,38,0.38,1158,1400,0.18
6T9,29,39,0.38,1200,1400,0.18
3A0,30,0,0.3,400,1100,0.1
3B0,30,1,0.3,442,1100,0.1
3C0,30,2,0.3,484,1100,0.1
3D0,30,3,0.3,526,1100,0.1
3E0,30,4,0.3,568,1100,0.1
3F0,30,5,0.3,611,1100,0.1
3G0,30,6,0.3,653,1100,0.1
3H0,30,7,0.3,695,1100,0.1
3I0,30,8,0.3,737,1100,0.1
3J0,30,9,0.3,779,1100,0.1
3K0,30,10,0.3,821,1100,0.1
3L0,30,11,0.3,863,1100,0.1
3M0,30,12,0.3,905,1100,0.1
3N0,30,13,0.3,947,1100,0.1
3O0,30,14,0.3,989,1100,0.1
3P0,30,15,0.3,1032,1100,0.1
3Q0,30,16,0.3,1074,1100,0.1
3R0,30,17,0.3,1116,1100,0.1
3S0,30,18,0.3,1158,1100,0.1
3T0,30,19,0.3,1200,1100,0.1
7A0,30,20,0.3,400,1500,0.1
7B0,30,21,0.3,442,1500,0.1
7C0,30,22,0.3,484,1500,0.1
7D0,30,23,0.3,526,1500,0.1
7E0,30,24,0.3,568,1500,0.1
7F0,30,25,0.3,611,1500,0.1
7G0,30,26,0.3,653,1500,0.1
7H0,30,27,0.3,695,1500,0.1
7I0,30,28,0.3,737,1500,0.1
7J0,30,29,0.3,779,1500,0.1
7K0,30,30,0.3,821,1500,0.1
7L0,30,31,0.3,863,1500,0.1
7M0,30,32,0.3,905,1500,0.1
7N0,30,33,0.3,947,1500,0.1
7O0,30,34,0.3,989,1500,0.1
7P0,30,35,0.3,1032,1500,0.1
7Q0,30,36,0.3,1074,1500,0.1
7R0,30,37,0.3,1116,1500,0.1
7S0,30,38,0.3,1158,1500,0.1
7T0,30,39,0.3,1200,1500,0.1
3A1,31,0,0.3089,400,1100,0.1089
3B1,31,1,0.3089,442,1100,0.1089
3C1,31,2,0.3089,484,1100,0.1089
3D1,31,3,0.3089,526,1100,0.1089
3E1,31,4,0.3089,568,1100,0.1089
3F1,31,5,0.3089,611,1100,0.1089
3G1,31,6,0.3089,653,1100,0.1089
3H1,31,7,0.3089,695,1100,0.1089
3I1,31,8,0.3089,737,1100,0.1089
3J1,31,9,0.3089,779,1100,0.1089
3K1,31,10,0.3089,821,1100,0.1089
3L1,31,11,0.3089,863,1100,0.1089
3M1,31,12,0.3089,905,1100,0.1089
3N1,31,13,0.3089,947,1100,0.1089
3O1,31,14,0.3089,989,1100,0.1089
3P1,31,15,0.3089,1032,1100,0.1089
3Q1,31,16,0.3089,1074,1100,0.1089
3R1,31,17,0.3089,1116,1100,0.1089
3S1,31,18,0.3089,1158,1100,0.1089
3T1,31,19,0.3089,1200,1100,0.1089
7A1,31,20,0.3089,400,1500,0.1089
7B1,31,21,0.3089,442,1500,0.1089
7C1,31,22,0.3089,484,1500,0.1089
7D1,31,23,0.3089,526,1500,0.1089
7E1,31,24,0.3089,568,1500,0.1089
7F1,31,25,0.3089,611,1500,0.1089
7G1,31,26,0.3089,653,1500,0.1089
7H1,31,27,0.3089,695,1500,0.1089
7I1,31,28,0.3089,737,1500,0.1089
7J1,31,29,0.3089,779,1500,0.1089
7K1,31,30,0.3089,821,1500,0.1089
7L1,31,31,0.3089,863,1500,0.1089
7M1,31,32,0.3089,905,1500,0.1089
7N1,31,33,0.3089,947,1500,0.1089
7O1,31,34,0.3089,989,1500,0.1089
7P1,31,35,0.3089,1032,1500,0.1089
7Q1,31,36,0.3089,1074,1500,0.1089
7R1,31,37,0.3089,1116,1500,0.1089
7S1,31,38,0.3089,1158,1500,0.1089
7T1,31,39,0.3089,1200,1500,0.1089
3A2,32,0,0.3178,400,1100,0.1178
3B2,32,1,0.3178,442,1100,0.1178
3C2,32,2,0.3178,484,1100,0.1178
3D2,32,3,0.3178,526,1100,0.1178
3E2,32,4,0.3178,568,1100,0.1178
3F2,32,5,0.3178,611,1100,0.1178
3G2,32,6,0.3178,653,1100,0.1178
3H2,32,7,0.3178,695,1100,0.1178
3I2,32,8,0.3178,737,1100,0.1178
3J2,32,9,0.3178,779,1100,0.1178
3K2,32,10,0.3178,821,1100,0.1178
3L2,32,11,0.3178,863,1100,0.1178
3M2,32,12,0.3178,905,1100,0.1178
3N2,32,13,0.3178,947,1100,0.1178
3O2,32,14,0.3178,989,1100,0.1178
3P2,32,15,0.3178,1032,1100,0.1178
3Q2,32,16,0.3178,1074,1100,0.1178
3R2,32,17,0.3178,1116,1100,0.1178
3S2,32,18,0.3178,1158,1100,0.1178
3T2,32,19,0.3178,1200,1100,0.1178
7A2,32,20,0.3178,400,1500,0.1178
7B2,32,21,0.3178,442,1500,0.1178
7C2,32,22,0.3178,484,1500,0.1178
7D2,32,23,0.3178,526,1500,0.1178
7E2,32,24,0.3178,568,1500,0.1178
7F2,32,25,0.3178,611,1500,0.1178
7G2,32,26,0.3178,653,1500,0.1178
7H2,32,27,0.3178,695,1500,0.1178
7I2,32,28,0.3178,737,1500,0.1178
7J2,32,29,0.3178,779,1500,0.1178
7K2,32,30,0.3178,821,1500,0.1178
7L2,32,31,0.3178,863,1500,0.1178
7M2,32,32,0.3178,905,1500,0.1178
7N2,32,33,0.3178,947,1500,0.1178
7O2,32,34,0.3178,989,1500,0.1178
7P2,32,35,0.3178,1032,1500,0.1178
7Q2,32,36,0.3178,1074,1500,0.1178
7R2,32,37,0.3178,1116,1500,0.1178
7S2,32,38,0.3178,1158,1500,0.1178
7T2,32,39,0.3178,1200,1500,0.1178
3A3,33,0,0.3267,400,1100,0.1267
3B3,33,1,0.3267,442,1100,0.1267
3C3,33,2,0.3267,484,1100,0.1267
3D3,33,3,0.3267,526,1100,0.1267
3E3,33,4,0.3267,568,1100,0.1267
3F3,33,5,0.3267,611,1100,0.1267
3G3,33,6,0.3267,653,1100,0.1267
3H3,33,7,0.3267,695,1100,0.1267
3I3,33,8,0.3267,737,1100,0.1267
3J3,33,9,0.3267,779,1100,0.1267
3K3,33,10,0.3267,821,1100,0.1267
3L3,33,11,0.3267,863,1100,0.1267
3M3,33,12,0.3267,905,1100,0.1267
3N3,33,13,0.3267,947,1100,0.1267
3O3,33,14,0.3267,989,1100,0.1267
3P3,33,15,0.3267,1032,1100,0.1267
3Q3,33,16,0.3267,1074,1100,0.1267
3R3,33,17,0.3267,1116,1100,0.1267
3S3,33,18,0.3267,1158,1100,0.1267
3T3,33,19,0.3267,1200,1100,0.1267
7A3,33,20,0.3267,400,1500,0.1267
7B3,33,21,0.3267,442,1500,0.1267
7C3,33,22,0.3267,484,1500,0.1267
7D3,33,23,0.3267,526,1500,0.1267
7E3,33,24,0.3267,568,1500,0.1267
7F3,33,25,0.3267,611,1500,0.1267
7G3,33,26,0.3267,653,1500,0.1267
7H3,33,27,0.3267,695,1500,0.1267
7I3,33,28,0.3267,737,1500,0.1267
7J3,33,29,0.3267,779,1500,0.1267
7K3,33,30,0.3267,821,1500,0.1267
7L3,33,31,0.3267,863,1500,0.1267
7M3,33,32,0.3267,905,1500,0.1267
7N3,33,33,0.3267,947,1500,0.1267
7O3,33,34,0.3267,989,1500,0.1267
7P3,33,35,0.3267,1032,1500,0.1267
7Q3,33,36,0.3267,1074,1500,0.1267
7R3,33,37,0.3267,1116,1500,0.1267
7S3,33,38,0.3267,1158,1500,0.1267
7T3,33,39,0.3267,1200,1500,0.1267
3A4,34,0,0.3356,400,1100,0.1356
3B4,34,1,0.3356,442,1100,0.1356
3C4,34,2,0.3356,484,1100,0.1356
3D4,34,3,0.3356,526,1100,0.1356
3E4,34,4,0.3356,568,1100,0.1356
3F4,34,5,0.3356,611,1100,0.1356
3G4,34,6,0.3356,653,1100,0.1356
3H4,34,7,0.3356,695,1100,0.1356
3I4,34,8,0.3356,737,1100,0.1356
3J4,34,9,0.3356,779,1100,0.1356
3K4,34,10,0.3356,821,1100,0.1356
3L4,34,11,0.3356,863,1100,0.1356
3M4,34,12,0.3356,905,1100,0.1356
3N4,34,13,0.3356,947,1100,0.1356
3O4,34,14,0.3356,989,1100,0.1356
3P4,34,15,0.3356,1032,1100,0.1356
3Q4,34,16,0.3356,1074,1100,0.1356
3R4,34,17,0.3356,1116,1100,0.1356
3S4,34,18,0.3356,1158,1100,0.1356
3T4,34,19,0.3356,1200,1100,0.1356
7A4,34,20,0.3356,400,1500,0.1356
7B4,34,21,0.3356,442,1500,0.1356
7C4,34,22,0.3356,484,1500,0.1356
7D4,34,23,0.3356,526,1500,0.1356
7E4,34,24,0.3356,568,1500,0.1356
7F4,34,25,0.3356,611,1500,0.1356
7G4,34,26,0.3356,653,1500,0.1356
7H4,34,27,0.3356,695,1500,0.1356
7I4,34,28,0.3356,737,1500,0.1356
7J4,34,29,0.3356,779,1500,0.1356
7K4,34,30,0.3356,821,1500,0.1356
7L4,34,31,0.3356,863,1500,0.1356
7M4,34,32,0.3356,905,1500,0.1356
7N4,34,33,0.3356,947,1500,0.1356
7O4,34,34,0.3356,989,1500,0.1356
7P4,34,35,0.3356,1032,1500,0.1356
7Q4,34,36,0.3356,1074,1500,0.1356
7R4,34,37,0.3356,1116,1500,0.1356
7S4,34,38,0.3356,1158,1500,0.1356
7T4,34,39,0.3356,1200,1500,0.1356
3A5,35,0,0.3444,400,1100,0.1444
3B5,35,1,0.3444,442,1100,0.1444
3C5,35,2,0.3444,484,1100,0.1444
3D5,35,3,0.3444,526,1100,0.1444
3E5,35,4,0.3444,568,1100,0.1444
3F5,35,5,0.3444,611,1100,0.1444
3G5,35,6,0.3444,653,1100,0.1444
3H5,35,7,0.3444,695,1100,0.1444
3I5,35,8,0.3444,737,1100,0.1444
3J5,35,9,0.3444,779,1100,0.1444
3K5,35,10,0.3444,821,1100,0.1444
3L5,35,11,0.3444,863,1100,0.1444
3M5,35,12,0.3444,905,1100,0.1444
3N5,35,13,0.3444,947,1100,0.1444
3O5,35,14,0.3444,989,1100,0.1444
3P5,35,15,0.3444,1032,1100,0.1444
3Q5,35,16,0.3444,1074,1100,0.1444
3R5,35,17,0.3444,1116,1100,0.1444
3S5,35,18,0.3444,1158,1100,0.1444
3T5,35,19,0.3444,1200,1100,0.1444
7A5,35,20,0.3444,400,1500,0.1444
7B5,35,21,0.3444,442,1500,0.1444
7C5,35,22,0.3444,484,1500,0.1444
7D5,35,23,0.3444,526,1500,0.1444
7E5,35,24,0.3444,568,1500,0.1444
7F5,35,25,0.3444,611,1500,0.1444
7G5,35,26,0.3444,653,1500,0.1444
7H5,35,27,0.3444,695,1500,0.1444
7I5,35,28,0.3444,737,1500,0.1444
7J5,35,29,0.3444,779,1500,0.1444
7K5,35,30,0.3444,821,1500,0.1444
7L5,35,31,0.3444,863,1500,0.1444
7M5,35,32,0.3444,905,1500,0.1444
7N5,35,33,0.3444,947,1500,0.1444
7O5,35,34,0.3444,989,1500,0.1444
7P5,35,35,0.3444,1032,1500,0.1444
7Q5,35,36,0.3444,1074,1500,0.1444
7R5,35,37,0.3444,1116,1500,0.1444
7S5,35,38,0.3444,1158,1500,0.1444
7T5,35,39,0.3444,1200,1500,0.1444
3A6,36,0,0.3533,400,1100,0.1533
3B6,36,1,0.3533,442,1100,0.1533
3C6,36,2,0.3533,484,1100,0.1533
3D6,36,3,0.3533,526,1100,0.1533
3E6,36,4,0.3533,568,1100,0.1533
3F6,36,5,0.3533,611,1100,0.1533
3G6,36,6,0.3533,653,1100,0.1533
3H6,36,7,0.3533,695,1100,0.1533
3I6,36,8,0.3533,737,1100,0.1533
3J6,36,9,0.3533,779,1100,0.1533
3K6,36,10,0.3533,821,1100,0.1533
3L6,36,11,0.3533,863,1100,0.1533
3M6,36,12,0.3533,905,1100,0.1533
3N6,36,13,0.3533,947,1100,0.1533
3O6,36,14,0.3533,989,1100,0.1533
3P6,36,15,0.3533,1032,1100,0.1533
3Q6,36,16,0.3533,1074,1100,0.1533
3R6,36,17,0.3533,1116,1100,0.1533
3S6,36,18,0.3533,1158,1100,0.1533
3T6,36,19,0.3533,1200,1100,0.1533
7A6,36,20,0.3533,400,1500,0.1533
7B6,36,21,0.3533,442,1500,0.1533
7C6,36,22,0.3533,484,1500,0.1533
7D6,36,23,0.3533,526,1500,0.1533
7E6,36,24,0.3533,568,1500,0.1533
7F6,36,25,0.3533,611,1500,0.1533
7G6,36,26,0.3533,653,1500,0.1533
7H6,36,27,0.3533,695,1500,0.1533
7I6,36,28,0.3533,737,1500,0.1533
7J6,36,29,0.3533,779,1500,0.1533
7K6,36,30,0.3533,821,1500,0.1533
7L6,36,31,0.3533,863,1500,0.1533
7M6,36,32,0.3533,905,1500,0.1533
7N6,36,33,0.3533,947,1500,0.1533
7O6,36,34,0.3533,989,1500,0.1533
7P6,36,35,0.3533,1032,1500,0.1533
7Q6,36,36,0.3533,1074,1500,0.1533
7R6,36,37,0.3533,1116,1500,0.1533
7S6,36,38,0.3533,1158,1500,0.1533
7T6,36,39,0.3533,1200,1500,0.1533
3A7,37,0,0.3622,400,1100,0.1622
3B7,37,1,0.3622,442,1100,0.1622
3C7,37,2,0.3622,484,1100,0.1622
3D7,37,3,0.3622,526,1100,0.1622
3E7,37,4,0.3622,568,1100,0.1622
3F7,37,5,0.3622,611,1100,0.1622
3G7,37,6,0.3622,653,1100,0.1622
3H7,37,7,0.3622,695,1100,0.1622
3I7,37,8,0.3622,737,1100,0.1622
3J7,37,9,0.3622,779,1100,0.1622
3K7,37,10,0.3622,821,1100,0.1622
3L7,37,11,0.3622,863,1100,0.1622
3M7,37,12,0.3622,905,1100,0.1622
3N7,37,13,0.3622,947,1100,0.1622
3O7,37,14,0.3622,989,1100,0.1622
3P7,37,15,0.3622,1032,1100,0.1622
3Q7,37,16,0.3622,1074,1100,0.1622
3R7,37,17,0.3622,1116,1100,0.1622
3S7,37,18,0.3622,1158,1100,0.1622
3T7,37,19,0.3622,1200,1100,0.1622
7A7,37,20,0.3622,400,1500,0.1622
7B7,37,21,0.3622,442,1500,0.1622
7C7,37,22,0.3622,484,1500,0.1622
7D7,37,23,0.3622,526,1500,0.1622
7E7,37,24,0.3622,568,1500,0.1622
7F7,37,25,0.3622,611,1500,0.1622
7G7,37,26,0.3622,653,1500,0.1622
7H7,37,27,0.3622,695,1500,0.1622
7I7,37,28,0.3622,737,1500,0.1622
7J7,37,29,0.3622,779,1500,0.1622
7K7,37,30,0.3622,821,1500,0.1622
7L7,37,31,0.3622,863,1500,0.1622
7M7,37,32,0.3622,905,1500,0.1622
7N7,37,33,0.3622,947,1500,0.1622
7O7,37,34,0.3622,989,1500,0.1622
7P7,37,35,0.3622,1032,1500,0.1622
7Q7,37,36,0.3622,1074,1500,0.1622
7R7,37,37,0.3622,1116,1500,0.1622
7S7,37,38,0.3622,1158,1500,0.1622
7T7,37,39,0.3622,1200,1500,0.1622
3A8,38,0,0.3711,400,1100,0.1711
3B8,38,1,0.3711,442,1100,0.1711
3C8,38,2,0.3711,484,1100,0.1711
3D8,38,3,0.3711,526,1100,0.1711
3E8,38,4,0.3711,568,1100,0.1711
3F8,38,5,0.3711,611,1100,0.1711
3G8,38,6,0.3711,653,1100,0.1711
3H8,38,7,0.3711,695,1100,0.1711
3I8,38,8,0.3711,737,1100,0.1711
3J8,38,9,0.3711,779,1100,0.1711
3K8,38,10,0.3711,821,1100,0.1711
3L8,38,11,0.3711,863,1100,0.1711
3M8,38,12,0.3711,905,1100,0.1711
3N8,38,13,0.3711,947,1100,0.1711
3O8,38,14,0.3711,989,1100,0.1711
3P8,38,15,0.3711,1032,1100,0.1711
3Q8,38,16,0.3711,1074,1100,0.1711
3R8,38,17,0.3711,1116,1100,0.1711
3S8,38,18,0.3711,1158,1100,0.1711
3T8,38,19,0.3711,1200,1100,0.1711
7A8,38,20,0.3711,400,1500,0.1711
7B8,38,21,0.3711,442,1500,0.1711
7C8,38,22,0.3711,484,1500,0.1711
7D8,38,23,0.3711,526,1500,0.1711
7E8,38,24,0.3711,568,1500,0.1711
7F8,38,25,0.3711,611,1500,0.1711
7G8,38,26,0.3711,653,1500,0.1711
7H8,38,27,0.3711,695,1500,0.1711
7I8,38,28,0.3711,737,1500,0.1711
7J8,38,29,0.3711,779,1500,0.1711
7K8,38,30,0.3711,821,1500,0.1711
7L8,38,31,0.3711,863,1500,0.1711
7M8,38,32,0.3711,905,1500,0.1711
7N8,38,33,0.3711,947,1500,0.1711
7O8,38,34,0.3711,989,1500,0.1711
7P8,38,35,0.3711,1032,1500,0.1711
7Q8,38,36,0.3711,1074,1500,0.1711
7R8,38,37,0.3711,1116,1500,0.1711
7S8,38,38,0.3711,1158,1500,0.1711
7T8,38,39,0.3711,1200,1500,0.1711
3A9,39,0,0.38,400,1100,0.18
3B9,39,1,0.38,442,1100,0.18
3C9,39,2,0.38,484,1100,0.18
3D9,39,3,0.38,526,1100,0.18
3E9,39,4,0.38,568,1100,0.18
3F9,39,5,0.38,611,1100,0.18
3G9,39,6,0.38,653,1100,0.18
3H9,39,7,0.38,695,1100,0.18
3I9,39,8,0.38,737,1100,0.18
3J9,39,9,0.38,779,1100,0.18
3K9,39,10,0.38,821,1100,0.18
3L9,39,11,0.38,863,1100,0.18
3M9,39,12,0.38,905,1100,0.18
3N9,39,13,0.38,947,1100,0.18
3O9,39,14,0.38,989,1100,0.18
3P9,39,15,0.38,1032,1100,0.18
3Q9,39,16,0.38,1074,1100,0.18
3R9,39,17,0.38,1116,1100,0.18
3S9,39,18,0.38,1158,1100,0.18
3T9,39,19,0.38,1200,1100,0.18
7A9,39,20,0.38,400,1500,0.18
7B9,39,21,0.38,442,1500,0.18
7C9,39,22,0.38,484,1500,0.18
7D9,39,23,0.38,526,1500,0.18
7E9,39,24,0.38,568,1500,0.18
7F9,39,25,0.38,611,1500,0.18
7G9,39,26,0.38,653,1500,0.18
7H9,39,27,0.38,695,1500,0.18
7I9,39,28,0.38,737,1500,0.18
7J9,39,29,0.38,779,1500,0.18
7K9,39,30,0.38,821,1500,0.18
7L9,39,31,0.38,863,1500,0.18
7M9,39,32,0.38,905,1500,0.18
7N9,39,33,0.38,947,1500,0.18
7O9,39,34,0.38,989,1500,0.18
7P9,39,35,0.38,1032,1500,0.18
7Q9,39,36,0.38,1074,1500,0.18
7R9,39,37,0.38,1116,1500,0.18
7S9,39,38,0.38,1158,1500,0.18
7T9,39,39,0.38,1200,1500,0.18
